Gross,Pension,Income Tax,National Insurance,Student Loan,Total Deductions,Take Home
3166.6666666666665,411.6666666666667,341.5,169.44,265.6225,1188.2291666666667,1978.4374999999998
