Gross,Pension,Income Tax,National Insurance,Student Loan,Total Deductions,Take Home
1833.3333333333333,293.3333333333333,157.16666666666666,69.30666666666666,148.71,668.5166666666667,1164.8166666666666
