Gross,Pension,Income Tax,National Insurance,Student Loan,Total Deductions,Take Home
3166.6666666666665,411.6666666666667,341.5,169.44,89.51999999999998,1012.1266666666668,2154.54
